conformer_id,SMILES_from_3D_conformer,tanimoto_similarity_with_original_SMILES
0,O=C(O)c1ccccc1O,1.0
1,O=C(O)c1ccccc1O,1.0
2,O=C(O)c1ccccc1O,1.0
3,O=C(O)c1ccccc1O,1.0
4,O=C(O)c1ccccc1O,1.0
5,O=C(O)c1ccccc1O,1.0
6,O=C(O)c1ccccc1O,1.0
7,O=C(O)c1ccccc1O,1.0
8,O=C(O)c1ccccc1O,1.0
9,O=C(O)c1ccccc1O,1.0
10,O=C(O)c1ccccc1O,1.0
11,O=C(O)c1ccccc1O,1.0
12,O=C(O)c1ccccc1O,1.0
13,O=C(O)c1ccccc1O,1.0
14,O=C(O)c1ccccc1O,1.0
15,O=C(O)c1ccccc1O,1.0
16,O=C(O)c1ccccc1O,1.0
17,O=C(O)c1ccccc1O,1.0
18,O=C(O)c1ccccc1O,1.0
19,O=C(O)c1ccccc1O,1.0
20,O=C(O)c1ccccc1O,1.0
21,O=C(O)c1ccccc1O,1.0
22,O=C(O)c1ccccc1O,1.0
23,O=C(O)c1ccccc1O,1.0
24,O=C(O)c1ccccc1O,1.0
25,O=C(O)c1ccccc1O,1.0
26,O=C(O)c1ccccc1O,1.0
27,O=C(O)c1ccccc1O,1.0
28,O=C(O)c1ccccc1O,1.0
29,O=C(O)c1ccccc1O,1.0
30,O=C(O)c1ccccc1O,1.0
31,O=C(O)c1ccccc1O,1.0
32,O=C(O)c1ccccc1O,1.0
33,O=C(O)c1ccccc1O,1.0
34,O=C(O)c1ccccc1O,1.0
35,O=C(O)c1ccccc1O,1.0
36,O=C(O)c1ccccc1O,1.0
37,O=C(O)c1ccccc1O,1.0
38,O=C(O)c1ccccc1O,1.0
39,O=C(O)c1ccccc1O,1.0
40,O=C(O)c1ccccc1O,1.0
41,O=C(O)c1ccccc1O,1.0
42,O=C(O)c1ccccc1O,1.0
43,O=C(O)c1ccccc1O,1.0
44,O=C(O)c1ccccc1O,1.0
45,O=C(O)c1ccccc1O,1.0
46,O=C(O)c1ccccc1O,1.0
47,O=C(O)c1ccccc1O,1.0
48,O=C(O)c1ccccc1O,1.0
49,O=C(O)c1ccccc1O,1.0
50,O=C(O)c1ccccc1O,1.0
51,O=C(O)c1ccccc1O,1.0
52,O=C(O)c1ccccc1O,1.0
53,O=C(O)c1ccccc1O,1.0
54,O=C(O)c1ccccc1O,1.0
55,O=C(O)c1ccccc1O,1.0
56,O=C(O)c1ccccc1O,1.0
57,O=C(O)c1ccccc1O,1.0
58,O=C(O)c1ccccc1O,1.0
59,O=C(O)c1ccccc1O,1.0
60,O=C(O)c1ccccc1O,1.0
61,O=C(O)c1ccccc1O,1.0
62,O=C(O)c1ccccc1O,1.0
63,O=C(O)c1ccccc1O,1.0
64,O=C(O)c1ccccc1O,1.0
65,O=C(O)c1ccccc1O,1.0
66,O=C(O)c1ccccc1O,1.0
67,O=C(O)c1ccccc1O,1.0
68,O=C(O)c1ccccc1O,1.0
69,O=C(O)c1ccccc1O,1.0
70,O=C(O)c1ccccc1O,1.0
71,O=C(O)c1ccccc1O,1.0
72,O=C(O)c1ccccc1O,1.0
73,O=C(O)c1ccccc1O,1.0
74,O=C(O)c1ccccc1O,1.0
75,O=C(O)c1ccccc1O,1.0
76,O=C(O)c1ccccc1O,1.0
77,O=C(O)c1ccccc1O,1.0
78,O=C(O)c1ccccc1O,1.0
79,O=C(O)c1ccccc1O,1.0
80,O=C(O)c1ccccc1O,1.0
81,O=C(O)c1ccccc1O,1.0
82,O=C(O)c1ccccc1O,1.0
83,O=C(O)c1ccccc1O,1.0
84,O=C(O)c1ccccc1O,1.0
85,O=C(O)c1ccccc1O,1.0
86,O=C(O)c1ccccc1O,1.0
87,O=C(O)c1ccccc1O,1.0
88,O=C(O)c1ccccc1O,1.0
89,O=C(O)c1ccccc1O,1.0
90,O=C(O)c1ccccc1O,1.0
91,O=C(O)c1ccccc1O,1.0
92,O=C(O)c1ccccc1O,1.0
93,O=C(O)c1ccccc1O,1.0
94,O=C(O)c1ccccc1O,1.0
95,O=C(O)c1ccccc1O,1.0
96,O=C(O)c1ccccc1O,1.0
97,O=C(O)c1ccccc1O,1.0
98,O=C(O)c1ccccc1O,1.0
99,O=C(O)c1ccccc1O,1.0
100,O=C(O)c1ccccc1O,1.0
101,O=C(O)c1ccccc1O,1.0
102,O=C(O)c1ccccc1O,1.0
103,O=C(O)c1ccccc1O,1.0
104,O=C(O)c1ccccc1O,1.0
105,O=C(O)c1ccccc1O,1.0
106,O=C(O)c1ccccc1O,1.0
107,O=C(O)c1ccccc1O,1.0
108,O=C(O)c1ccccc1O,1.0
109,O=C(O)c1ccccc1O,1.0
110,O=C(O)c1ccccc1O,1.0
111,O=C(O)c1ccccc1O,1.0
112,O=C(O)c1ccccc1O,1.0
113,O=C(O)c1ccccc1O,1.0
114,O=C(O)c1ccccc1O,1.0
115,O=C(O)c1ccccc1O,1.0
116,O=C(O)c1ccccc1O,1.0
117,O=C(O)c1ccccc1O,1.0
118,O=C(O)c1ccccc1O,1.0
119,O=C(O)c1ccccc1O,1.0
120,O=C(O)c1ccccc1O,1.0
121,O=C(O)c1ccccc1O,1.0
122,O=C(O)c1ccccc1O,1.0
123,O=C(O)c1ccccc1O,1.0
124,O=C(O)c1ccccc1O,1.0
125,O=C(O)c1ccccc1O,1.0
126,O=C(O)c1ccccc1O,1.0
127,O=C(O)c1ccccc1O,1.0
128,O=C(O)c1ccccc1O,1.0
129,O=C(O)c1ccccc1O,1.0
130,O=C(O)c1ccccc1O,1.0
131,O=C(O)c1ccccc1O,1.0
132,O=C(O)c1ccccc1O,1.0
133,O=C(O)c1ccccc1O,1.0
134,O=C(O)c1ccccc1O,1.0
135,O=C(O)c1ccccc1O,1.0
136,O=C(O)c1ccccc1O,1.0
137,O=C(O)c1ccccc1O,1.0
138,O=C(O)c1ccccc1O,1.0
139,O=C(O)c1ccccc1O,1.0
140,O=C(O)c1ccccc1O,1.0
141,O=C(O)c1ccccc1O,1.0
142,O=C(O)c1ccccc1O,1.0
143,O=C(O)c1ccccc1O,1.0
144,O=C(O)c1ccccc1O,1.0
145,O=C(O)c1ccccc1O,1.0
146,O=C(O)c1ccccc1O,1.0
147,O=C(O)c1ccccc1O,1.0
148,O=C(O)c1ccccc1O,1.0
149,O=C(O)c1ccccc1O,1.0
150,O=C(O)c1ccccc1O,1.0
151,O=C(O)c1ccccc1O,1.0
152,O=C(O)c1ccccc1O,1.0
153,O=C(O)c1ccccc1O,1.0
154,O=C(O)c1ccccc1O,1.0
155,O=C(O)c1ccccc1O,1.0
156,O=C(O)c1ccccc1O,1.0
157,O=C(O)c1ccccc1O,1.0
158,O=C(O)c1ccccc1O,1.0
159,O=C(O)c1ccccc1O,1.0
160,O=C(O)c1ccccc1O,1.0
161,O=C(O)c1ccccc1O,1.0
162,O=C(O)c1ccccc1O,1.0
163,O=C(O)c1ccccc1O,1.0
164,O=C(O)c1ccccc1O,1.0
165,O=C(O)c1ccccc1O,1.0
166,O=C(O)c1ccccc1O,1.0
167,O=C(O)c1ccccc1O,1.0
168,O=C(O)c1ccccc1O,1.0
169,O=C(O)c1ccccc1O,1.0
170,O=C(O)c1ccccc1O,1.0
171,O=C(O)c1ccccc1O,1.0
172,O=C(O)c1ccccc1O,1.0
173,O=C(O)c1ccccc1O,1.0
174,O=C(O)c1ccccc1O,1.0
175,O=C(O)c1ccccc1O,1.0
176,O=C(O)c1ccccc1O,1.0
177,O=C(O)c1ccccc1O,1.0
178,O=C(O)c1ccccc1O,1.0
179,O=C(O)c1ccccc1O,1.0
180,O=C(O)c1ccccc1O,1.0
181,O=C(O)c1ccccc1O,1.0
182,O=C(O)c1ccccc1O,1.0
183,O=C(O)c1ccccc1O,1.0
184,O=C(O)c1ccccc1O,1.0
185,O=C(O)c1ccccc1O,1.0
186,O=C(O)c1ccccc1O,1.0
187,O=C(O)c1ccccc1O,1.0
188,O=C(O)c1ccccc1O,1.0
189,O=C(O)c1ccccc1O,1.0
190,O=C(O)c1ccccc1O,1.0
191,O=C(O)c1ccccc1O,1.0
192,O=C(O)c1ccccc1O,1.0
193,O=C(O)c1ccccc1O,1.0
194,O=C(O)c1ccccc1O,1.0
195,O=C(O)c1ccccc1O,1.0
196,O=C(O)c1ccccc1O,1.0
197,O=C(O)c1ccccc1O,1.0
198,O=C(O)c1ccccc1O,1.0
199,O=C(O)c1ccccc1O,1.0
200,O=C(O)c1ccccc1O,1.0
201,O=C(O)c1ccccc1O,1.0
202,O=C(O)c1ccccc1O,1.0
203,O=C(O)c1ccccc1O,1.0
204,O=C(O)c1ccccc1O,1.0
205,O=C(O)c1ccccc1O,1.0
206,O=C(O)c1ccccc1O,1.0
207,O=C(O)c1ccccc1O,1.0
208,O=C(O)c1ccccc1O,1.0
209,O=C(O)c1ccccc1O,1.0
210,O=C(O)c1ccccc1O,1.0
211,O=C(O)c1ccccc1O,1.0
212,O=C(O)c1ccccc1O,1.0
213,O=C(O)c1ccccc1O,1.0
214,O=C(O)c1ccccc1O,1.0
215,O=C(O)c1ccccc1O,1.0
216,O=C(O)c1ccccc1O,1.0
217,O=C(O)c1ccccc1O,1.0
218,O=C(O)c1ccccc1O,1.0
219,O=C(O)c1ccccc1O,1.0
220,O=C(O)c1ccccc1O,1.0
221,O=C(O)c1ccccc1O,1.0
222,O=C(O)c1ccccc1O,1.0
223,O=C(O)c1ccccc1O,1.0
224,O=C(O)c1ccccc1O,1.0
225,O=C(O)c1ccccc1O,1.0
226,O=C(O)c1ccccc1O,1.0
227,O=C(O)c1ccccc1O,1.0
228,O=C(O)c1ccccc1O,1.0
229,O=C(O)c1ccccc1O,1.0
230,O=C(O)c1ccccc1O,1.0
231,O=C(O)c1ccccc1O,1.0
232,O=C(O)c1ccccc1O,1.0
233,O=C(O)c1ccccc1O,1.0
234,O=C(O)c1ccccc1O,1.0
235,O=C(O)c1ccccc1O,1.0
236,O=C(O)c1ccccc1O,1.0
237,O=C(O)c1ccccc1O,1.0
238,O=C(O)c1ccccc1O,1.0
239,O=C(O)c1ccccc1O,1.0
240,O=C(O)c1ccccc1O,1.0
241,O=C(O)c1ccccc1O,1.0
242,O=C(O)c1ccccc1O,1.0
243,O=C(O)c1ccccc1O,1.0
244,O=C(O)c1ccccc1O,1.0
245,O=C(O)c1ccccc1O,1.0
246,O=C(O)c1ccccc1O,1.0
247,O=C(O)c1ccccc1O,1.0
248,O=C(O)c1ccccc1O,1.0
249,O=C(O)c1ccccc1O,1.0
250,O=C(O)c1ccccc1O,1.0
251,O=C(O)c1ccccc1O,1.0
252,O=C(O)c1ccccc1O,1.0
253,O=C(O)c1ccccc1O,1.0
254,O=C(O)c1ccccc1O,1.0
255,O=C(O)c1ccccc1O,1.0
256,O=C(O)c1ccccc1O,1.0
257,O=C(O)c1ccccc1O,1.0
258,O=C(O)c1ccccc1O,1.0
259,O=C(O)c1ccccc1O,1.0
260,O=C(O)c1ccccc1O,1.0
261,O=C(O)c1ccccc1O,1.0
262,O=C(O)c1ccccc1O,1.0
263,O=C(O)c1ccccc1O,1.0
264,O=C(O)c1ccccc1O,1.0
265,O=C(O)c1ccccc1O,1.0
266,O=C(O)c1ccccc1O,1.0
267,O=C(O)c1ccccc1O,1.0
268,O=C(O)c1ccccc1O,1.0
269,O=C(O)c1ccccc1O,1.0
270,O=C(O)c1ccccc1O,1.0
271,O=C(O)c1ccccc1O,1.0
272,O=C(O)c1ccccc1O,1.0
273,O=C(O)c1ccccc1O,1.0
274,O=C(O)c1ccccc1O,1.0
275,O=C(O)c1ccccc1O,1.0
276,O=C(O)c1ccccc1O,1.0
277,O=C(O)c1ccccc1O,1.0
278,O=C(O)c1ccccc1O,1.0
279,O=C(O)c1ccccc1O,1.0
280,O=C(O)c1ccccc1O,1.0
281,O=C(O)c1ccccc1O,1.0
282,O=C(O)c1ccccc1O,1.0
283,O=C(O)c1ccccc1O,1.0
284,O=C(O)c1ccccc1O,1.0
285,O=C(O)c1ccccc1O,1.0
286,O=C(O)c1ccccc1O,1.0
287,O=C(O)c1ccccc1O,1.0
288,O=C(O)c1ccccc1O,1.0
289,O=C(O)c1ccccc1O,1.0
290,O=C(O)c1ccccc1O,1.0
291,O=C(O)c1ccccc1O,1.0
292,O=C(O)c1ccccc1O,1.0
293,O=C(O)c1ccccc1O,1.0
294,O=C(O)c1ccccc1O,1.0
295,O=C(O)c1ccccc1O,1.0
296,O=C(O)c1ccccc1O,1.0
297,O=C(O)c1ccccc1O,1.0
298,O=C(O)c1ccccc1O,1.0
299,O=C(O)c1ccccc1O,1.0
300,O=C(O)c1ccccc1O,1.0
301,O=C(O)c1ccccc1O,1.0
302,O=C(O)c1ccccc1O,1.0
303,O=C(O)c1ccccc1O,1.0
304,O=C(O)c1ccccc1O,1.0
305,O=C(O)c1ccccc1O,1.0
306,O=C(O)c1ccccc1O,1.0
307,O=C(O)c1ccccc1O,1.0
308,O=C(O)c1ccccc1O,1.0
309,O=C(O)c1ccccc1O,1.0
310,O=C(O)c1ccccc1O,1.0
311,O=C(O)c1ccccc1O,1.0
312,O=C(O)c1ccccc1O,1.0
313,O=C(O)c1ccccc1O,1.0
314,O=C(O)c1ccccc1O,1.0
315,O=C(O)c1ccccc1O,1.0
316,O=C(O)c1ccccc1O,1.0
317,O=C(O)c1ccccc1O,1.0
318,O=C(O)c1ccccc1O,1.0
319,O=C(O)c1ccccc1O,1.0
320,O=C(O)c1ccccc1O,1.0
321,O=C(O)c1ccccc1O,1.0
322,O=C(O)c1ccccc1O,1.0
323,O=C(O)c1ccccc1O,1.0
324,O=C(O)c1ccccc1O,1.0
325,O=C(O)c1ccccc1O,1.0
326,O=C(O)c1ccccc1O,1.0
327,O=C(O)c1ccccc1O,1.0
328,O=C(O)c1ccccc1O,1.0
329,O=C(O)c1ccccc1O,1.0
330,O=C(O)c1ccccc1O,1.0
331,O=C(O)c1ccccc1O,1.0
332,O=C(O)c1ccccc1O,1.0
333,O=C(O)c1ccccc1O,1.0
334,O=C(O)c1ccccc1O,1.0
335,O=C(O)c1ccccc1O,1.0
336,O=C(O)c1ccccc1O,1.0
337,O=C(O)c1ccccc1O,1.0
338,O=C(O)c1ccccc1O,1.0
339,O=C(O)c1ccccc1O,1.0
340,O=C(O)c1ccccc1O,1.0
341,O=C(O)c1ccccc1O,1.0
342,O=C(O)c1ccccc1O,1.0
343,O=C(O)c1ccccc1O,1.0
344,O=C(O)c1ccccc1O,1.0
345,O=C(O)c1ccccc1O,1.0
346,O=C(O)c1ccccc1O,1.0
347,O=C(O)c1ccccc1O,1.0
348,O=C(O)c1ccccc1O,1.0
349,O=C(O)c1ccccc1O,1.0
350,O=C(O)c1ccccc1O,1.0
351,O=C(O)c1ccccc1O,1.0
352,O=C(O)c1ccccc1O,1.0
353,O=C(O)c1ccccc1O,1.0
354,O=C(O)c1ccccc1O,1.0
355,O=C(O)c1ccccc1O,1.0
356,O=C(O)c1ccccc1O,1.0
357,O=C(O)c1ccccc1O,1.0
358,O=C(O)c1ccccc1O,1.0
359,O=C(O)c1ccccc1O,1.0
360,O=C(O)c1ccccc1O,1.0
361,O=C(O)c1ccccc1O,1.0
362,O=C(O)c1ccccc1O,1.0
363,O=C(O)c1ccccc1O,1.0
364,O=C(O)c1ccccc1O,1.0
365,O=C(O)c1ccccc1O,1.0
366,O=C(O)c1ccccc1O,1.0
367,O=C(O)c1ccccc1O,1.0
368,O=C(O)c1ccccc1O,1.0
369,O=C(O)c1ccccc1O,1.0
370,O=C(O)c1ccccc1O,1.0
371,O=C(O)c1ccccc1O,1.0
372,O=C(O)c1ccccc1O,1.0
373,O=C(O)c1ccccc1O,1.0
374,O=C(O)c1ccccc1O,1.0
375,O=C(O)c1ccccc1O,1.0
376,O=C(O)c1ccccc1O,1.0
377,O=C(O)c1ccccc1O,1.0
378,O=C(O)c1ccccc1O,1.0
379,O=C(O)c1ccccc1O,1.0
380,O=C(O)c1ccccc1O,1.0
381,O=C(O)c1ccccc1O,1.0
382,O=C(O)c1ccccc1O,1.0
383,O=C(O)c1ccccc1O,1.0
384,O=C(O)c1ccccc1O,1.0
385,O=C(O)c1ccccc1O,1.0
386,O=C(O)c1ccccc1O,1.0
387,O=C(O)c1ccccc1O,1.0
388,O=C(O)c1ccccc1O,1.0
389,O=C(O)c1ccccc1O,1.0
390,O=C(O)c1ccccc1O,1.0
391,O=C(O)c1ccccc1O,1.0
392,O=C(O)c1ccccc1O,1.0
393,O=C(O)c1ccccc1O,1.0
394,O=C(O)c1ccccc1O,1.0
395,O=C(O)c1ccccc1O,1.0
396,O=C(O)c1ccccc1O,1.0
397,O=C(O)c1ccccc1O,1.0
398,O=C(O)c1ccccc1O,1.0
399,O=C(O)c1ccccc1O,1.0
400,O=C(O)c1ccccc1O,1.0
401,O=C(O)c1ccccc1O,1.0
402,O=C(O)c1ccccc1O,1.0
403,O=C(O)c1ccccc1O,1.0
404,O=C(O)c1ccccc1O,1.0
405,O=C(O)c1ccccc1O,1.0
406,O=C(O)c1ccccc1O,1.0
407,O=C(O)c1ccccc1O,1.0
408,O=C(O)c1ccccc1O,1.0
409,O=C(O)c1ccccc1O,1.0
410,O=C(O)c1ccccc1O,1.0
411,O=C(O)c1ccccc1O,1.0
412,O=C(O)c1ccccc1O,1.0
413,O=C(O)c1ccccc1O,1.0
414,O=C(O)c1ccccc1O,1.0
415,O=C(O)c1ccccc1O,1.0
416,O=C(O)c1ccccc1O,1.0
417,O=C(O)c1ccccc1O,1.0
418,O=C(O)c1ccccc1O,1.0
419,O=C(O)c1ccccc1O,1.0
420,O=C(O)c1ccccc1O,1.0
421,O=C(O)c1ccccc1O,1.0
422,O=C(O)c1ccccc1O,1.0
423,O=C(O)c1ccccc1O,1.0
424,O=C(O)c1ccccc1O,1.0
425,O=C(O)c1ccccc1O,1.0
426,O=C(O)c1ccccc1O,1.0
427,O=C(O)c1ccccc1O,1.0
428,O=C(O)c1ccccc1O,1.0
429,O=C(O)c1ccccc1O,1.0
430,O=C(O)c1ccccc1O,1.0
431,O=C(O)c1ccccc1O,1.0
432,O=C(O)c1ccccc1O,1.0
433,O=C(O)c1ccccc1O,1.0
434,O=C(O)c1ccccc1O,1.0
435,O=C(O)c1ccccc1O,1.0
436,O=C(O)c1ccccc1O,1.0
437,O=C(O)c1ccccc1O,1.0
438,O=C(O)c1ccccc1O,1.0
439,O=C(O)c1ccccc1O,1.0
440,O=C(O)c1ccccc1O,1.0
441,O=C(O)c1ccccc1O,1.0
442,O=C(O)c1ccccc1O,1.0
443,O=C(O)c1ccccc1O,1.0
444,O=C(O)c1ccccc1O,1.0
445,O=C(O)c1ccccc1O,1.0
446,O=C(O)c1ccccc1O,1.0
447,O=C(O)c1ccccc1O,1.0
448,O=C(O)c1ccccc1O,1.0
449,O=C(O)c1ccccc1O,1.0
450,O=C(O)c1ccccc1O,1.0
451,O=C(O)c1ccccc1O,1.0
452,O=C(O)c1ccccc1O,1.0
453,O=C(O)c1ccccc1O,1.0
454,O=C(O)c1ccccc1O,1.0
455,O=C(O)c1ccccc1O,1.0
456,O=C(O)c1ccccc1O,1.0
457,O=C(O)c1ccccc1O,1.0
458,O=C(O)c1ccccc1O,1.0
459,O=C(O)c1ccccc1O,1.0
460,O=C(O)c1ccccc1O,1.0
461,O=C(O)c1ccccc1O,1.0
462,O=C(O)c1ccccc1O,1.0
463,O=C(O)c1ccccc1O,1.0
464,O=C(O)c1ccccc1O,1.0
465,O=C(O)c1ccccc1O,1.0
466,O=C(O)c1ccccc1O,1.0
467,O=C(O)c1ccccc1O,1.0
468,O=C(O)c1ccccc1O,1.0
469,O=C(O)c1ccccc1O,1.0
470,O=C(O)c1ccccc1O,1.0
471,O=C(O)c1ccccc1O,1.0
472,O=C(O)c1ccccc1O,1.0
473,O=C(O)c1ccccc1O,1.0
474,O=C(O)c1ccccc1O,1.0
475,O=C(O)c1ccccc1O,1.0
476,O=C(O)c1ccccc1O,1.0
477,O=C(O)c1ccccc1O,1.0
478,O=C(O)c1ccccc1O,1.0
479,O=C(O)c1ccccc1O,1.0
480,O=C(O)c1ccccc1O,1.0
481,O=C(O)c1ccccc1O,1.0
482,O=C(O)c1ccccc1O,1.0
483,O=C(O)c1ccccc1O,1.0
484,O=C(O)c1ccccc1O,1.0
485,O=C(O)c1ccccc1O,1.0
486,O=C(O)c1ccccc1O,1.0
487,O=C(O)c1ccccc1O,1.0
488,O=C(O)c1ccccc1O,1.0
489,O=C(O)c1ccccc1O,1.0
490,O=C(O)c1ccccc1O,1.0
491,O=C(O)c1ccccc1O,1.0
492,O=C(O)c1ccccc1O,1.0
493,O=C(O)c1ccccc1O,1.0
494,O=C(O)c1ccccc1O,1.0
495,O=C(O)c1ccccc1O,1.0
496,O=C(O)c1ccccc1O,1.0
497,O=C(O)c1ccccc1O,1.0
498,O=C(O)c1ccccc1O,1.0
499,O=C(O)c1ccccc1O,1.0
500,O=C(O)c1ccccc1O,1.0
501,O=C(O)c1ccccc1O,1.0
502,O=C(O)c1ccccc1O,1.0
503,O=C(O)c1ccccc1O,1.0
504,O=C(O)c1ccccc1O,1.0
505,O=C(O)c1ccccc1O,1.0
506,O=C(O)c1ccccc1O,1.0
507,O=C(O)c1ccccc1O,1.0
508,O=C(O)c1ccccc1O,1.0
509,O=C(O)c1ccccc1O,1.0
510,O=C(O)c1ccccc1O,1.0
511,O=C(O)c1ccccc1O,1.0
512,O=C(O)c1ccccc1O,1.0
513,O=C(O)c1ccccc1O,1.0
514,O=C(O)c1ccccc1O,1.0
515,O=C(O)c1ccccc1O,1.0
516,O=C(O)c1ccccc1O,1.0
517,O=C(O)c1ccccc1O,1.0
518,O=C(O)c1ccccc1O,1.0
519,O=C(O)c1ccccc1O,1.0
520,O=C(O)c1ccccc1O,1.0
521,O=C(O)c1ccccc1O,1.0
522,O=C(O)c1ccccc1O,1.0
523,O=C(O)c1ccccc1O,1.0
524,O=C(O)c1ccccc1O,1.0
525,O=C(O)c1ccccc1O,1.0
526,O=C(O)c1ccccc1O,1.0
527,O=C(O)c1ccccc1O,1.0
528,O=C(O)c1ccccc1O,1.0
529,O=C(O)c1ccccc1O,1.0
530,O=C(O)c1ccccc1O,1.0
531,O=C(O)c1ccccc1O,1.0
532,O=C(O)c1ccccc1O,1.0
533,O=C(O)c1ccccc1O,1.0
534,O=C(O)c1ccccc1O,1.0
535,O=C(O)c1ccccc1O,1.0
536,O=C(O)c1ccccc1O,1.0
537,O=C(O)c1ccccc1O,1.0
538,O=C(O)c1ccccc1O,1.0
539,O=C(O)c1ccccc1O,1.0
540,O=C(O)c1ccccc1O,1.0
541,O=C(O)c1ccccc1O,1.0
542,O=C(O)c1ccccc1O,1.0
543,O=C(O)c1ccccc1O,1.0
544,O=C(O)c1ccccc1O,1.0
545,O=C(O)c1ccccc1O,1.0
546,O=C(O)c1ccccc1O,1.0
547,O=C(O)c1ccccc1O,1.0
548,O=C(O)c1ccccc1O,1.0
549,O=C(O)c1ccccc1O,1.0
550,O=C(O)c1ccccc1O,1.0
551,O=C(O)c1ccccc1O,1.0
552,O=C(O)c1ccccc1O,1.0
553,O=C(O)c1ccccc1O,1.0
554,O=C(O)c1ccccc1O,1.0
555,O=C(O)c1ccccc1O,1.0
556,O=C(O)c1ccccc1O,1.0
557,O=C(O)c1ccccc1O,1.0
558,O=C(O)c1ccccc1O,1.0
559,O=C(O)c1ccccc1O,1.0
560,O=C(O)c1ccccc1O,1.0
561,O=C(O)c1ccccc1O,1.0
562,O=C(O)c1ccccc1O,1.0
563,O=C(O)c1ccccc1O,1.0
564,O=C(O)c1ccccc1O,1.0
565,O=C(O)c1ccccc1O,1.0
566,O=C(O)c1ccccc1O,1.0
567,O=C(O)c1ccccc1O,1.0
568,O=C(O)c1ccccc1O,1.0
569,O=C(O)c1ccccc1O,1.0
570,O=C(O)c1ccccc1O,1.0
571,O=C(O)c1ccccc1O,1.0
572,O=C(O)c1ccccc1O,1.0
573,O=C(O)c1ccccc1O,1.0
574,O=C(O)c1ccccc1O,1.0
575,O=C(O)c1ccccc1O,1.0
576,O=C(O)c1ccccc1O,1.0
577,O=C(O)c1ccccc1O,1.0
578,O=C(O)c1ccccc1O,1.0
579,O=C(O)c1ccccc1O,1.0
580,O=C(O)c1ccccc1O,1.0
581,O=C(O)c1ccccc1O,1.0
582,O=C(O)c1ccccc1O,1.0
583,O=C(O)c1ccccc1O,1.0
584,O=C(O)c1ccccc1O,1.0
585,O=C(O)c1ccccc1O,1.0
586,O=C(O)c1ccccc1O,1.0
587,O=C(O)c1ccccc1O,1.0
588,O=C(O)c1ccccc1O,1.0
589,O=C(O)c1ccccc1O,1.0
590,O=C(O)c1ccccc1O,1.0
591,O=C(O)c1ccccc1O,1.0
592,O=C(O)c1ccccc1O,1.0
593,O=C(O)c1ccccc1O,1.0
594,O=C(O)c1ccccc1O,1.0
595,O=C(O)c1ccccc1O,1.0
596,O=C(O)c1ccccc1O,1.0
597,O=C(O)c1ccccc1O,1.0
598,O=C(O)c1ccccc1O,1.0
599,O=C(O)c1ccccc1O,1.0
600,O=C(O)c1ccccc1O,1.0
601,O=C(O)c1ccccc1O,1.0
602,O=C(O)c1ccccc1O,1.0
603,O=C(O)c1ccccc1O,1.0
604,O=C(O)c1ccccc1O,1.0
605,O=C(O)c1ccccc1O,1.0
606,O=C(O)c1ccccc1O,1.0
607,O=C(O)c1ccccc1O,1.0
608,O=C(O)c1ccccc1O,1.0
609,O=C(O)c1ccccc1O,1.0
610,O=C(O)c1ccccc1O,1.0
611,O=C(O)c1ccccc1O,1.0
612,O=C(O)c1ccccc1O,1.0
613,O=C(O)c1ccccc1O,1.0
614,O=C(O)c1ccccc1O,1.0
615,O=C(O)c1ccccc1O,1.0
616,O=C(O)c1ccccc1O,1.0
617,O=C(O)c1ccccc1O,1.0
618,O=C(O)c1ccccc1O,1.0
619,O=C(O)c1ccccc1O,1.0
620,O=C(O)c1ccccc1O,1.0
621,O=C(O)c1ccccc1O,1.0
622,O=C(O)c1ccccc1O,1.0
623,O=C(O)c1ccccc1O,1.0
624,O=C(O)c1ccccc1O,1.0
625,O=C(O)c1ccccc1O,1.0
626,O=C(O)c1ccccc1O,1.0
627,O=C(O)c1ccccc1O,1.0
628,O=C(O)c1ccccc1O,1.0
629,O=C(O)c1ccccc1O,1.0
630,O=C(O)c1ccccc1O,1.0
631,O=C(O)c1ccccc1O,1.0
632,O=C(O)c1ccccc1O,1.0
633,O=C(O)c1ccccc1O,1.0
634,O=C(O)c1ccccc1O,1.0
635,O=C(O)c1ccccc1O,1.0
636,O=C(O)c1ccccc1O,1.0
637,O=C(O)c1ccccc1O,1.0
638,O=C(O)c1ccccc1O,1.0
639,O=C(O)c1ccccc1O,1.0
640,O=C(O)c1ccccc1O,1.0
641,O=C(O)c1ccccc1O,1.0
642,O=C(O)c1ccccc1O,1.0
643,O=C(O)c1ccccc1O,1.0
644,O=C(O)c1ccccc1O,1.0
645,O=C(O)c1ccccc1O,1.0
646,O=C(O)c1ccccc1O,1.0
647,O=C(O)c1ccccc1O,1.0
648,O=C(O)c1ccccc1O,1.0
649,O=C(O)c1ccccc1O,1.0
650,O=C(O)c1ccccc1O,1.0
651,O=C(O)c1ccccc1O,1.0
652,O=C(O)c1ccccc1O,1.0
653,O=C(O)c1ccccc1O,1.0
654,O=C(O)c1ccccc1O,1.0
655,O=C(O)c1ccccc1O,1.0
656,O=C(O)c1ccccc1O,1.0
657,O=C(O)c1ccccc1O,1.0
658,O=C(O)c1ccccc1O,1.0
659,O=C(O)c1ccccc1O,1.0
660,O=C(O)c1ccccc1O,1.0
661,O=C(O)c1ccccc1O,1.0
662,O=C(O)c1ccccc1O,1.0
663,O=C(O)c1ccccc1O,1.0
664,O=C(O)c1ccccc1O,1.0
665,O=C(O)c1ccccc1O,1.0
666,O=C(O)c1ccccc1O,1.0
667,O=C(O)c1ccccc1O,1.0
668,O=C(O)c1ccccc1O,1.0
669,O=C(O)c1ccccc1O,1.0
670,O=C(O)c1ccccc1O,1.0
671,O=C(O)c1ccccc1O,1.0
672,O=C(O)c1ccccc1O,1.0
673,O=C(O)c1ccccc1O,1.0
674,O=C(O)c1ccccc1O,1.0
675,O=C(O)c1ccccc1O,1.0
676,O=C(O)c1ccccc1O,1.0
677,O=C(O)c1ccccc1O,1.0
678,O=C(O)c1ccccc1O,1.0
679,O=C(O)c1ccccc1O,1.0
680,O=C(O)c1ccccc1O,1.0
681,O=C(O)c1ccccc1O,1.0
682,O=C(O)c1ccccc1O,1.0
683,O=C(O)c1ccccc1O,1.0
684,O=C(O)c1ccccc1O,1.0
685,O=C(O)c1ccccc1O,1.0
686,O=C(O)c1ccccc1O,1.0
687,O=C(O)c1ccccc1O,1.0
688,O=C(O)c1ccccc1O,1.0
689,O=C(O)c1ccccc1O,1.0
690,O=C(O)c1ccccc1O,1.0
691,O=C(O)c1ccccc1O,1.0
692,O=C(O)c1ccccc1O,1.0
693,O=C(O)c1ccccc1O,1.0
694,O=C(O)c1ccccc1O,1.0
695,O=C(O)c1ccccc1O,1.0
696,O=C(O)c1ccccc1O,1.0
697,O=C(O)c1ccccc1O,1.0
698,O=C(O)c1ccccc1O,1.0
699,O=C(O)c1ccccc1O,1.0
700,O=C(O)c1ccccc1O,1.0
701,O=C(O)c1ccccc1O,1.0
702,O=C(O)c1ccccc1O,1.0
703,O=C(O)c1ccccc1O,1.0
704,O=C(O)c1ccccc1O,1.0
705,O=C(O)c1ccccc1O,1.0
706,O=C(O)c1ccccc1O,1.0
707,O=C(O)c1ccccc1O,1.0
708,O=C(O)c1ccccc1O,1.0
709,O=C(O)c1ccccc1O,1.0
710,O=C(O)c1ccccc1O,1.0
711,O=C(O)c1ccccc1O,1.0
712,O=C(O)c1ccccc1O,1.0
713,O=C(O)c1ccccc1O,1.0
714,O=C(O)c1ccccc1O,1.0
715,O=C(O)c1ccccc1O,1.0
716,O=C(O)c1ccccc1O,1.0
717,O=C(O)c1ccccc1O,1.0
718,O=C(O)c1ccccc1O,1.0
719,O=C(O)c1ccccc1O,1.0
720,O=C(O)c1ccccc1O,1.0
721,O=C(O)c1ccccc1O,1.0
722,O=C(O)c1ccccc1O,1.0
723,O=C(O)c1ccccc1O,1.0
724,O=C(O)c1ccccc1O,1.0
725,O=C(O)c1ccccc1O,1.0
726,O=C(O)c1ccccc1O,1.0
727,O=C(O)c1ccccc1O,1.0
728,O=C(O)c1ccccc1O,1.0
729,O=C(O)c1ccccc1O,1.0
730,O=C(O)c1ccccc1O,1.0
731,O=C(O)c1ccccc1O,1.0
732,O=C(O)c1ccccc1O,1.0
733,O=C(O)c1ccccc1O,1.0
734,O=C(O)c1ccccc1O,1.0
735,O=C(O)c1ccccc1O,1.0
736,O=C(O)c1ccccc1O,1.0
737,O=C(O)c1ccccc1O,1.0
738,O=C(O)c1ccccc1O,1.0
739,O=C(O)c1ccccc1O,1.0
740,O=C(O)c1ccccc1O,1.0
741,O=C(O)c1ccccc1O,1.0
742,O=C(O)c1ccccc1O,1.0
743,O=C(O)c1ccccc1O,1.0
744,O=C(O)c1ccccc1O,1.0
745,O=C(O)c1ccccc1O,1.0
746,O=C(O)c1ccccc1O,1.0
747,O=C(O)c1ccccc1O,1.0
748,O=C(O)c1ccccc1O,1.0
749,O=C(O)c1ccccc1O,1.0
750,O=C(O)c1ccccc1O,1.0
751,O=C(O)c1ccccc1O,1.0
752,O=C(O)c1ccccc1O,1.0
753,O=C(O)c1ccccc1O,1.0
754,O=C(O)c1ccccc1O,1.0
755,O=C(O)c1ccccc1O,1.0
756,O=C(O)c1ccccc1O,1.0
757,O=C(O)c1ccccc1O,1.0
758,O=C(O)c1ccccc1O,1.0
759,O=C(O)c1ccccc1O,1.0
760,O=C(O)c1ccccc1O,1.0
761,O=C(O)c1ccccc1O,1.0
762,O=C(O)c1ccccc1O,1.0
763,O=C(O)c1ccccc1O,1.0
764,O=C(O)c1ccccc1O,1.0
765,O=C(O)c1ccccc1O,1.0
766,O=C(O)c1ccccc1O,1.0
767,O=C(O)c1ccccc1O,1.0
768,O=C(O)c1ccccc1O,1.0
769,O=C(O)c1ccccc1O,1.0
770,O=C(O)c1ccccc1O,1.0
771,O=C(O)c1ccccc1O,1.0
772,O=C(O)c1ccccc1O,1.0
773,O=C(O)c1ccccc1O,1.0
774,O=C(O)c1ccccc1O,1.0
775,O=C(O)c1ccccc1O,1.0
776,O=C(O)c1ccccc1O,1.0
777,O=C(O)c1ccccc1O,1.0
778,O=C(O)c1ccccc1O,1.0
779,O=C(O)c1ccccc1O,1.0
780,O=C(O)c1ccccc1O,1.0
781,O=C(O)c1ccccc1O,1.0
782,O=C(O)c1ccccc1O,1.0
783,O=C(O)c1ccccc1O,1.0
784,O=C(O)c1ccccc1O,1.0
785,O=C(O)c1ccccc1O,1.0
786,O=C(O)c1ccccc1O,1.0
787,O=C(O)c1ccccc1O,1.0
788,O=C(O)c1ccccc1O,1.0
789,O=C(O)c1ccccc1O,1.0
790,O=C(O)c1ccccc1O,1.0
791,O=C(O)c1ccccc1O,1.0
792,O=C(O)c1ccccc1O,1.0
793,O=C(O)c1ccccc1O,1.0
794,O=C(O)c1ccccc1O,1.0
795,O=C(O)c1ccccc1O,1.0
796,O=C(O)c1ccccc1O,1.0
797,O=C(O)c1ccccc1O,1.0
798,O=C(O)c1ccccc1O,1.0
799,O=C(O)c1ccccc1O,1.0
800,O=C(O)c1ccccc1O,1.0
801,O=C(O)c1ccccc1O,1.0
802,O=C(O)c1ccccc1O,1.0
803,O=C(O)c1ccccc1O,1.0
804,O=C(O)c1ccccc1O,1.0
805,O=C(O)c1ccccc1O,1.0
806,O=C(O)c1ccccc1O,1.0
807,O=C(O)c1ccccc1O,1.0
808,O=C(O)c1ccccc1O,1.0
809,O=C(O)c1ccccc1O,1.0
810,O=C(O)c1ccccc1O,1.0
811,O=C(O)c1ccccc1O,1.0
812,O=C(O)c1ccccc1O,1.0
813,O=C(O)c1ccccc1O,1.0
814,O=C(O)c1ccccc1O,1.0
815,O=C(O)c1ccccc1O,1.0
816,O=C(O)c1ccccc1O,1.0
817,O=C(O)c1ccccc1O,1.0
818,O=C(O)c1ccccc1O,1.0
819,O=C(O)c1ccccc1O,1.0
820,O=C(O)c1ccccc1O,1.0
821,O=C(O)c1ccccc1O,1.0
822,O=C(O)c1ccccc1O,1.0
823,O=C(O)c1ccccc1O,1.0
824,O=C(O)c1ccccc1O,1.0
825,O=C(O)c1ccccc1O,1.0
826,O=C(O)c1ccccc1O,1.0
827,O=C(O)c1ccccc1O,1.0
828,O=C(O)c1ccccc1O,1.0
829,O=C(O)c1ccccc1O,1.0
830,O=C(O)c1ccccc1O,1.0
831,O=C(O)c1ccccc1O,1.0
832,O=C(O)c1ccccc1O,1.0
833,O=C(O)c1ccccc1O,1.0
834,O=C(O)c1ccccc1O,1.0
835,O=C(O)c1ccccc1O,1.0
836,O=C(O)c1ccccc1O,1.0
837,O=C(O)c1ccccc1O,1.0
838,O=C(O)c1ccccc1O,1.0
839,O=C(O)c1ccccc1O,1.0
840,O=C(O)c1ccccc1O,1.0
841,O=C(O)c1ccccc1O,1.0
842,O=C(O)c1ccccc1O,1.0
843,O=C(O)c1ccccc1O,1.0
844,O=C(O)c1ccccc1O,1.0
845,O=C(O)c1ccccc1O,1.0
846,O=C(O)c1ccccc1O,1.0
847,O=C(O)c1ccccc1O,1.0
848,O=C(O)c1ccccc1O,1.0
849,O=C(O)c1ccccc1O,1.0
850,O=C(O)c1ccccc1O,1.0
851,O=C(O)c1ccccc1O,1.0
852,O=C(O)c1ccccc1O,1.0
853,O=C(O)c1ccccc1O,1.0
854,O=C(O)c1ccccc1O,1.0
855,O=C(O)c1ccccc1O,1.0
856,O=C(O)c1ccccc1O,1.0
857,O=C(O)c1ccccc1O,1.0
858,O=C(O)c1ccccc1O,1.0
859,O=C(O)c1ccccc1O,1.0
860,O=C(O)c1ccccc1O,1.0
861,O=C(O)c1ccccc1O,1.0
862,O=C(O)c1ccccc1O,1.0
863,O=C(O)c1ccccc1O,1.0
864,O=C(O)c1ccccc1O,1.0
865,O=C(O)c1ccccc1O,1.0
866,O=C(O)c1ccccc1O,1.0
867,O=C(O)c1ccccc1O,1.0
868,O=C(O)c1ccccc1O,1.0
869,O=C(O)c1ccccc1O,1.0
870,O=C(O)c1ccccc1O,1.0
871,O=C(O)c1ccccc1O,1.0
872,O=C(O)c1ccccc1O,1.0
873,O=C(O)c1ccccc1O,1.0
874,O=C(O)c1ccccc1O,1.0
875,O=C(O)c1ccccc1O,1.0
876,O=C(O)c1ccccc1O,1.0
877,O=C(O)c1ccccc1O,1.0
878,O=C(O)c1ccccc1O,1.0
879,O=C(O)c1ccccc1O,1.0
880,O=C(O)c1ccccc1O,1.0
881,O=C(O)c1ccccc1O,1.0
882,O=C(O)c1ccccc1O,1.0
883,O=C(O)c1ccccc1O,1.0
884,O=C(O)c1ccccc1O,1.0
885,O=C(O)c1ccccc1O,1.0
886,O=C(O)c1ccccc1O,1.0
887,O=C(O)c1ccccc1O,1.0
888,O=C(O)c1ccccc1O,1.0
889,O=C(O)c1ccccc1O,1.0
890,O=C(O)c1ccccc1O,1.0
891,O=C(O)c1ccccc1O,1.0
892,O=C(O)c1ccccc1O,1.0
893,O=C(O)c1ccccc1O,1.0
894,O=C(O)c1ccccc1O,1.0
895,O=C(O)c1ccccc1O,1.0
896,O=C(O)c1ccccc1O,1.0
897,O=C(O)c1ccccc1O,1.0
898,O=C(O)c1ccccc1O,1.0
899,O=C(O)c1ccccc1O,1.0
900,O=C(O)c1ccccc1O,1.0
901,O=C(O)c1ccccc1O,1.0
902,O=C(O)c1ccccc1O,1.0
903,O=C(O)c1ccccc1O,1.0
904,O=C(O)c1ccccc1O,1.0
905,O=C(O)c1ccccc1O,1.0
906,O=C(O)c1ccccc1O,1.0
907,O=C(O)c1ccccc1O,1.0
908,O=C(O)c1ccccc1O,1.0
909,O=C(O)c1ccccc1O,1.0
910,O=C(O)c1ccccc1O,1.0
911,O=C(O)c1ccccc1O,1.0
912,O=C(O)c1ccccc1O,1.0
913,O=C(O)c1ccccc1O,1.0
914,O=C(O)c1ccccc1O,1.0
915,O=C(O)c1ccccc1O,1.0
916,O=C(O)c1ccccc1O,1.0
917,O=C(O)c1ccccc1O,1.0
918,O=C(O)c1ccccc1O,1.0
919,O=C(O)c1ccccc1O,1.0
920,O=C(O)c1ccccc1O,1.0
921,O=C(O)c1ccccc1O,1.0
922,O=C(O)c1ccccc1O,1.0
923,O=C(O)c1ccccc1O,1.0
924,O=C(O)c1ccccc1O,1.0
925,O=C(O)c1ccccc1O,1.0
926,O=C(O)c1ccccc1O,1.0
927,O=C(O)c1ccccc1O,1.0
928,O=C(O)c1ccccc1O,1.0
929,O=C(O)c1ccccc1O,1.0
930,O=C(O)c1ccccc1O,1.0
931,O=C(O)c1ccccc1O,1.0
932,O=C(O)c1ccccc1O,1.0
933,O=C(O)c1ccccc1O,1.0
934,O=C(O)c1ccccc1O,1.0
935,O=C(O)c1ccccc1O,1.0
936,O=C(O)c1ccccc1O,1.0
937,O=C(O)c1ccccc1O,1.0
938,O=C(O)c1ccccc1O,1.0
939,O=C(O)c1ccccc1O,1.0
940,O=C(O)c1ccccc1O,1.0
941,O=C(O)c1ccccc1O,1.0
942,O=C(O)c1ccccc1O,1.0
943,O=C(O)c1ccccc1O,1.0
944,O=C(O)c1ccccc1O,1.0
945,O=C(O)c1ccccc1O,1.0
946,O=C(O)c1ccccc1O,1.0
947,O=C(O)c1ccccc1O,1.0
948,O=C(O)c1ccccc1O,1.0
949,O=C(O)c1ccccc1O,1.0
950,O=C(O)c1ccccc1O,1.0
951,O=C(O)c1ccccc1O,1.0
952,O=C(O)c1ccccc1O,1.0
953,O=C(O)c1ccccc1O,1.0
954,O=C(O)c1ccccc1O,1.0
955,O=C(O)c1ccccc1O,1.0
956,O=C(O)c1ccccc1O,1.0
957,O=C(O)c1ccccc1O,1.0
958,O=C(O)c1ccccc1O,1.0
959,O=C(O)c1ccccc1O,1.0
960,O=C(O)c1ccccc1O,1.0
961,O=C(O)c1ccccc1O,1.0
962,O=C(O)c1ccccc1O,1.0
963,O=C(O)c1ccccc1O,1.0
964,O=C(O)c1ccccc1O,1.0
965,O=C(O)c1ccccc1O,1.0
966,O=C(O)c1ccccc1O,1.0
967,O=C(O)c1ccccc1O,1.0
968,O=C(O)c1ccccc1O,1.0
969,O=C(O)c1ccccc1O,1.0
970,O=C(O)c1ccccc1O,1.0
971,O=C(O)c1ccccc1O,1.0
972,O=C(O)c1ccccc1O,1.0
973,O=C(O)c1ccccc1O,1.0
974,O=C(O)c1ccccc1O,1.0
975,O=C(O)c1ccccc1O,1.0
976,O=C(O)c1ccccc1O,1.0
977,O=C(O)c1ccccc1O,1.0
978,O=C(O)c1ccccc1O,1.0
979,O=C(O)c1ccccc1O,1.0
980,O=C(O)c1ccccc1O,1.0
981,O=C(O)c1ccccc1O,1.0
982,O=C(O)c1ccccc1O,1.0
983,O=C(O)c1ccccc1O,1.0
984,O=C(O)c1ccccc1O,1.0
985,O=C(O)c1ccccc1O,1.0
986,O=C(O)c1ccccc1O,1.0
987,O=C(O)c1ccccc1O,1.0
988,O=C(O)c1ccccc1O,1.0
989,O=C(O)c1ccccc1O,1.0
990,O=C(O)c1ccccc1O,1.0
991,O=C(O)c1ccccc1O,1.0
992,O=C(O)c1ccccc1O,1.0
993,O=C(O)c1ccccc1O,1.0
994,O=C(O)c1ccccc1O,1.0
995,O=C(O)c1ccccc1O,1.0
996,O=C(O)c1ccccc1O,1.0
997,O=C(O)c1ccccc1O,1.0
998,O=C(O)c1ccccc1O,1.0
999,O=C(O)c1ccccc1O,1.0
1000,O=C(O)c1ccccc1O,1.0
1001,O=C(O)c1ccccc1O,1.0
1002,O=C(O)c1ccccc1O,1.0
1003,O=C(O)c1ccccc1O,1.0
1004,O=C(O)c1ccccc1O,1.0
1005,O=C(O)c1ccccc1O,1.0
1006,O=C(O)c1ccccc1O,1.0
1007,O=C(O)c1ccccc1O,1.0
1008,O=C(O)c1ccccc1O,1.0
1009,O=C(O)c1ccccc1O,1.0
1010,O=C(O)c1ccccc1O,1.0
1011,O=C(O)c1ccccc1O,1.0
1012,O=C(O)c1ccccc1O,1.0
1013,O=C(O)c1ccccc1O,1.0
1014,O=C(O)c1ccccc1O,1.0
1015,O=C(O)c1ccccc1O,1.0
1016,O=C(O)c1ccccc1O,1.0
1017,O=C(O)c1ccccc1O,1.0
1018,O=C(O)c1ccccc1O,1.0
1019,O=C(O)c1ccccc1O,1.0
1020,O=C(O)c1ccccc1O,1.0
1021,O=C(O)c1ccccc1O,1.0
1022,O=C(O)c1ccccc1O,1.0
1023,O=C(O)c1ccccc1O,1.0
1024,O=C(O)c1ccccc1O,1.0
1025,O=C(O)c1ccccc1O,1.0
1026,O=C(O)c1ccccc1O,1.0
1027,O=C(O)c1ccccc1O,1.0
1028,O=C(O)c1ccccc1O,1.0
1029,O=C(O)c1ccccc1O,1.0
1030,O=C(O)c1ccccc1O,1.0
1031,O=C(O)c1ccccc1O,1.0
1032,O=C(O)c1ccccc1O,1.0
1033,O=C(O)c1ccccc1O,1.0
1034,O=C(O)c1ccccc1O,1.0
1035,O=C(O)c1ccccc1O,1.0
1036,O=C(O)c1ccccc1O,1.0
1037,O=C(O)c1ccccc1O,1.0
1038,O=C(O)c1ccccc1O,1.0
1039,O=C(O)c1ccccc1O,1.0
1040,O=C(O)c1ccccc1O,1.0
1041,O=C(O)c1ccccc1O,1.0
1042,O=C(O)c1ccccc1O,1.0
1043,O=C(O)c1ccccc1O,1.0
1044,O=C(O)c1ccccc1O,1.0
1045,O=C(O)c1ccccc1O,1.0
1046,O=C(O)c1ccccc1O,1.0
1047,O=C(O)c1ccccc1O,1.0
1048,O=C(O)c1ccccc1O,1.0
1049,O=C(O)c1ccccc1O,1.0
1050,O=C(O)c1ccccc1O,1.0
1051,O=C(O)c1ccccc1O,1.0
1052,O=C(O)c1ccccc1O,1.0
1053,O=C(O)c1ccccc1O,1.0
1054,O=C(O)c1ccccc1O,1.0
1055,O=C(O)c1ccccc1O,1.0
1056,O=C(O)c1ccccc1O,1.0
1057,O=C(O)c1ccccc1O,1.0
1058,O=C(O)c1ccccc1O,1.0
1059,O=C(O)c1ccccc1O,1.0
1060,O=C(O)c1ccccc1O,1.0
1061,O=C(O)c1ccccc1O,1.0
1062,O=C(O)c1ccccc1O,1.0
1063,O=C(O)c1ccccc1O,1.0
1064,O=C(O)c1ccccc1O,1.0
1065,O=C(O)c1ccccc1O,1.0
1066,O=C(O)c1ccccc1O,1.0
1067,O=C(O)c1ccccc1O,1.0
1068,O=C(O)c1ccccc1O,1.0
1069,O=C(O)c1ccccc1O,1.0
1070,O=C(O)c1ccccc1O,1.0
1071,O=C(O)c1ccccc1O,1.0
1072,O=C(O)c1ccccc1O,1.0
1073,O=C(O)c1ccccc1O,1.0
1074,O=C(O)c1ccccc1O,1.0
1075,O=C(O)c1ccccc1O,1.0
1076,O=C(O)c1ccccc1O,1.0
1077,O=C(O)c1ccccc1O,1.0
1078,O=C(O)c1ccccc1O,1.0
1079,O=C(O)c1ccccc1O,1.0
1080,O=C(O)c1ccccc1O,1.0
1081,O=C(O)c1ccccc1O,1.0
1082,O=C(O)c1ccccc1O,1.0
1083,O=C(O)c1ccccc1O,1.0
1084,O=C(O)c1ccccc1O,1.0
1085,O=C(O)c1ccccc1O,1.0
1086,O=C(O)c1ccccc1O,1.0
1087,O=C(O)c1ccccc1O,1.0
1088,O=C(O)c1ccccc1O,1.0
1089,O=C(O)c1ccccc1O,1.0
1090,O=C(O)c1ccccc1O,1.0
1091,O=C(O)c1ccccc1O,1.0
1092,O=C(O)c1ccccc1O,1.0
1093,O=C(O)c1ccccc1O,1.0
1094,O=C(O)c1ccccc1O,1.0
1095,O=C(O)c1ccccc1O,1.0
1096,O=C(O)c1ccccc1O,1.0
1097,O=C(O)c1ccccc1O,1.0
1098,O=C(O)c1ccccc1O,1.0
1099,O=C(O)c1ccccc1O,1.0
1100,O=C(O)c1ccccc1O,1.0
1101,O=C(O)c1ccccc1O,1.0
1102,O=C(O)c1ccccc1O,1.0
1103,O=C(O)c1ccccc1O,1.0
1104,O=C(O)c1ccccc1O,1.0
1105,O=C(O)c1ccccc1O,1.0
1106,O=C(O)c1ccccc1O,1.0
1107,O=C(O)c1ccccc1O,1.0
1108,O=C(O)c1ccccc1O,1.0
1109,O=C(O)c1ccccc1O,1.0
1110,O=C(O)c1ccccc1O,1.0
1111,O=C(O)c1ccccc1O,1.0
1112,O=C(O)c1ccccc1O,1.0
1113,O=C(O)c1ccccc1O,1.0
1114,O=C(O)c1ccccc1O,1.0
1115,O=C(O)c1ccccc1O,1.0
1116,O=C(O)c1ccccc1O,1.0
1117,O=C(O)c1ccccc1O,1.0
1118,O=C(O)c1ccccc1O,1.0
1119,O=C(O)c1ccccc1O,1.0
1120,O=C(O)c1ccccc1O,1.0
1121,O=C(O)c1ccccc1O,1.0
1122,O=C(O)c1ccccc1O,1.0
1123,O=C(O)c1ccccc1O,1.0
1124,O=C(O)c1ccccc1O,1.0
1125,O=C(O)c1ccccc1O,1.0
1126,O=C(O)c1ccccc1O,1.0
1127,O=C(O)c1ccccc1O,1.0
1128,O=C(O)c1ccccc1O,1.0
1129,O=C(O)c1ccccc1O,1.0
1130,O=C(O)c1ccccc1O,1.0
1131,O=C(O)c1ccccc1O,1.0
1132,O=C(O)c1ccccc1O,1.0
1133,O=C(O)c1ccccc1O,1.0
1134,O=C(O)c1ccccc1O,1.0
1135,O=C(O)c1ccccc1O,1.0
1136,O=C(O)c1ccccc1O,1.0
1137,O=C(O)c1ccccc1O,1.0
1138,O=C(O)c1ccccc1O,1.0
1139,O=C(O)c1ccccc1O,1.0
1140,O=C(O)c1ccccc1O,1.0
1141,O=C(O)c1ccccc1O,1.0
1142,O=C(O)c1ccccc1O,1.0
1143,O=C(O)c1ccccc1O,1.0
1144,O=C(O)c1ccccc1O,1.0
1145,O=C(O)c1ccccc1O,1.0
1146,O=C(O)c1ccccc1O,1.0
1147,O=C(O)c1ccccc1O,1.0
1148,O=C(O)c1ccccc1O,1.0
1149,O=C(O)c1ccccc1O,1.0
1150,O=C(O)c1ccccc1O,1.0
1151,O=C(O)c1ccccc1O,1.0
1152,O=C(O)c1ccccc1O,1.0
1153,O=C(O)c1ccccc1O,1.0
1154,O=C(O)c1ccccc1O,1.0
1155,O=C(O)c1ccccc1O,1.0
1156,O=C(O)c1ccccc1O,1.0
1157,O=C(O)c1ccccc1O,1.0
1158,O=C(O)c1ccccc1O,1.0
1159,O=C(O)c1ccccc1O,1.0
1160,O=C(O)c1ccccc1O,1.0
1161,O=C(O)c1ccccc1O,1.0
1162,O=C(O)c1ccccc1O,1.0
1163,O=C(O)c1ccccc1O,1.0
1164,O=C(O)c1ccccc1O,1.0
1165,O=C(O)c1ccccc1O,1.0
1166,O=C(O)c1ccccc1O,1.0
1167,O=C(O)c1ccccc1O,1.0
1168,O=C(O)c1ccccc1O,1.0
1169,O=C(O)c1ccccc1O,1.0
1170,O=C(O)c1ccccc1O,1.0
1171,O=C(O)c1ccccc1O,1.0
1172,O=C(O)c1ccccc1O,1.0
1173,O=C(O)c1ccccc1O,1.0
1174,O=C(O)c1ccccc1O,1.0
1175,O=C(O)c1ccccc1O,1.0
1176,O=C(O)c1ccccc1O,1.0
1177,O=C(O)c1ccccc1O,1.0
1178,O=C(O)c1ccccc1O,1.0
1179,O=C(O)c1ccccc1O,1.0
1180,O=C(O)c1ccccc1O,1.0
1181,O=C(O)c1ccccc1O,1.0
1182,O=C(O)c1ccccc1O,1.0
1183,O=C(O)c1ccccc1O,1.0
1184,O=C(O)c1ccccc1O,1.0
1185,O=C(O)c1ccccc1O,1.0
1186,O=C(O)c1ccccc1O,1.0
1187,O=C(O)c1ccccc1O,1.0
1188,O=C(O)c1ccccc1O,1.0
1189,O=C(O)c1ccccc1O,1.0
1190,O=C(O)c1ccccc1O,1.0
1191,O=C(O)c1ccccc1O,1.0
1192,O=C(O)c1ccccc1O,1.0
1193,O=C(O)c1ccccc1O,1.0
1194,O=C(O)c1ccccc1O,1.0
1195,O=C(O)c1ccccc1O,1.0
1196,O=C(O)c1ccccc1O,1.0
1197,O=C(O)c1ccccc1O,1.0
1198,O=C(O)c1ccccc1O,1.0
1199,O=C(O)c1ccccc1O,1.0
1200,O=C(O)c1ccccc1O,1.0
1201,O=C(O)c1ccccc1O,1.0
1202,O=C(O)c1ccccc1O,1.0
1203,O=C(O)c1ccccc1O,1.0
1204,O=C(O)c1ccccc1O,1.0
1205,O=C(O)c1ccccc1O,1.0
1206,O=C(O)c1ccccc1O,1.0
1207,O=C(O)c1ccccc1O,1.0
1208,O=C(O)c1ccccc1O,1.0
1209,O=C(O)c1ccccc1O,1.0
1210,O=C(O)c1ccccc1O,1.0
1211,O=C(O)c1ccccc1O,1.0
1212,O=C(O)c1ccccc1O,1.0
1213,O=C(O)c1ccccc1O,1.0
1214,O=C(O)c1ccccc1O,1.0
1215,O=C(O)c1ccccc1O,1.0
1216,O=C(O)c1ccccc1O,1.0
1217,O=C(O)c1ccccc1O,1.0
1218,O=C(O)c1ccccc1O,1.0
1219,O=C(O)c1ccccc1O,1.0
1220,O=C(O)c1ccccc1O,1.0
1221,O=C(O)c1ccccc1O,1.0
1222,O=C(O)c1ccccc1O,1.0
1223,O=C(O)c1ccccc1O,1.0
1224,O=C(O)c1ccccc1O,1.0
1225,O=C(O)c1ccccc1O,1.0
1226,O=C(O)c1ccccc1O,1.0
1227,O=C(O)c1ccccc1O,1.0
1228,O=C(O)c1ccccc1O,1.0
1229,O=C(O)c1ccccc1O,1.0
1230,O=C(O)c1ccccc1O,1.0
1231,O=C(O)c1ccccc1O,1.0
1232,O=C(O)c1ccccc1O,1.0
1233,O=C(O)c1ccccc1O,1.0
1234,O=C(O)c1ccccc1O,1.0
1235,O=C(O)c1ccccc1O,1.0
1236,O=C(O)c1ccccc1O,1.0
1237,O=C(O)c1ccccc1O,1.0
1238,O=C(O)c1ccccc1O,1.0
1239,O=C(O)c1ccccc1O,1.0
1240,O=C(O)c1ccccc1O,1.0
1241,O=C(O)c1ccccc1O,1.0
1242,O=C(O)c1ccccc1O,1.0
1243,O=C(O)c1ccccc1O,1.0
1244,O=C(O)c1ccccc1O,1.0
1245,O=C(O)c1ccccc1O,1.0
1246,O=C(O)c1ccccc1O,1.0
1247,O=C(O)c1ccccc1O,1.0
1248,O=C(O)c1ccccc1O,1.0
1249,O=C(O)c1ccccc1O,1.0
1250,O=C(O)c1ccccc1O,1.0
1251,O=C(O)c1ccccc1O,1.0
1252,O=C(O)c1ccccc1O,1.0
1253,O=C(O)c1ccccc1O,1.0
1254,O=C(O)c1ccccc1O,1.0
1255,O=C(O)c1ccccc1O,1.0
1256,O=C(O)c1ccccc1O,1.0
1257,O=C(O)c1ccccc1O,1.0
1258,O=C(O)c1ccccc1O,1.0
1259,O=C(O)c1ccccc1O,1.0
1260,O=C(O)c1ccccc1O,1.0
1261,O=C(O)c1ccccc1O,1.0
1262,O=C(O)c1ccccc1O,1.0
1263,O=C(O)c1ccccc1O,1.0
1264,O=C(O)c1ccccc1O,1.0
1265,O=C(O)c1ccccc1O,1.0
1266,O=C(O)c1ccccc1O,1.0
1267,O=C(O)c1ccccc1O,1.0
1268,O=C(O)c1ccccc1O,1.0
1269,O=C(O)c1ccccc1O,1.0
1270,O=C(O)c1ccccc1O,1.0
1271,O=C(O)c1ccccc1O,1.0
1272,O=C(O)c1ccccc1O,1.0
1273,O=C(O)c1ccccc1O,1.0
1274,O=C(O)c1ccccc1O,1.0
1275,O=C(O)c1ccccc1O,1.0
1276,O=C(O)c1ccccc1O,1.0
1277,O=C(O)c1ccccc1O,1.0
1278,O=C(O)c1ccccc1O,1.0
1279,O=C(O)c1ccccc1O,1.0
1280,O=C(O)c1ccccc1O,1.0
1281,O=C(O)c1ccccc1O,1.0
1282,O=C(O)c1ccccc1O,1.0
1283,O=C(O)c1ccccc1O,1.0
1284,O=C(O)c1ccccc1O,1.0
1285,O=C(O)c1ccccc1O,1.0
1286,O=C(O)c1ccccc1O,1.0
1287,O=C(O)c1ccccc1O,1.0
1288,O=C(O)c1ccccc1O,1.0
1289,O=C(O)c1ccccc1O,1.0
1290,O=C(O)c1ccccc1O,1.0
1291,O=C(O)c1ccccc1O,1.0
1292,O=C(O)c1ccccc1O,1.0
1293,O=C(O)c1ccccc1O,1.0
1294,O=C(O)c1ccccc1O,1.0
1295,O=C(O)c1ccccc1O,1.0
1296,O=C(O)c1ccccc1O,1.0
1297,O=C(O)c1ccccc1O,1.0
1298,O=C(O)c1ccccc1O,1.0
1299,O=C(O)c1ccccc1O,1.0
1300,O=C(O)c1ccccc1O,1.0
1301,O=C(O)c1ccccc1O,1.0
1302,O=C(O)c1ccccc1O,1.0
1303,O=C(O)c1ccccc1O,1.0
1304,O=C(O)c1ccccc1O,1.0
1305,O=C(O)c1ccccc1O,1.0
1306,O=C(O)c1ccccc1O,1.0
1307,O=C(O)c1ccccc1O,1.0
1308,O=C(O)c1ccccc1O,1.0
1309,O=C(O)c1ccccc1O,1.0
1310,O=C(O)c1ccccc1O,1.0
1311,O=C(O)c1ccccc1O,1.0
1312,O=C(O)c1ccccc1O,1.0
1313,O=C(O)c1ccccc1O,1.0
1314,O=C(O)c1ccccc1O,1.0
1315,O=C(O)c1ccccc1O,1.0
1316,O=C(O)c1ccccc1O,1.0
1317,O=C(O)c1ccccc1O,1.0
1318,O=C(O)c1ccccc1O,1.0
1319,O=C(O)c1ccccc1O,1.0
1320,O=C(O)c1ccccc1O,1.0
1321,O=C(O)c1ccccc1O,1.0
1322,O=C(O)c1ccccc1O,1.0
1323,O=C(O)c1ccccc1O,1.0
1324,O=C(O)c1ccccc1O,1.0
1325,O=C(O)c1ccccc1O,1.0
1326,O=C(O)c1ccccc1O,1.0
1327,O=C(O)c1ccccc1O,1.0
1328,O=C(O)c1ccccc1O,1.0
1329,O=C(O)c1ccccc1O,1.0
1330,O=C(O)c1ccccc1O,1.0
1331,O=C(O)c1ccccc1O,1.0
1332,O=C(O)c1ccccc1O,1.0
1333,O=C(O)c1ccccc1O,1.0
1334,O=C(O)c1ccccc1O,1.0
1335,O=C(O)c1ccccc1O,1.0
1336,O=C(O)c1ccccc1O,1.0
1337,O=C(O)c1ccccc1O,1.0
1338,O=C(O)c1ccccc1O,1.0
1339,O=C(O)c1ccccc1O,1.0
1340,O=C(O)c1ccccc1O,1.0
1341,O=C(O)c1ccccc1O,1.0
1342,O=C(O)c1ccccc1O,1.0
1343,O=C(O)c1ccccc1O,1.0
1344,O=C(O)c1ccccc1O,1.0
1345,O=C(O)c1ccccc1O,1.0
1346,O=C(O)c1ccccc1O,1.0
1347,O=C(O)c1ccccc1O,1.0
1348,O=C(O)c1ccccc1O,1.0
1349,O=C(O)c1ccccc1O,1.0
1350,O=C(O)c1ccccc1O,1.0
1351,O=C(O)c1ccccc1O,1.0
1352,O=C(O)c1ccccc1O,1.0
1353,O=C(O)c1ccccc1O,1.0
1354,O=C(O)c1ccccc1O,1.0
1355,O=C(O)c1ccccc1O,1.0
1356,O=C(O)c1ccccc1O,1.0
1357,O=C(O)c1ccccc1O,1.0
1358,O=C(O)c1ccccc1O,1.0
1359,O=C(O)c1ccccc1O,1.0
1360,O=C(O)c1ccccc1O,1.0
1361,O=C(O)c1ccccc1O,1.0
1362,O=C(O)c1ccccc1O,1.0
1363,O=C(O)c1ccccc1O,1.0
1364,O=C(O)c1ccccc1O,1.0
1365,O=C(O)c1ccccc1O,1.0
1366,O=C(O)c1ccccc1O,1.0
1367,O=C(O)c1ccccc1O,1.0
1368,O=C(O)c1ccccc1O,1.0
1369,O=C(O)c1ccccc1O,1.0
1370,O=C(O)c1ccccc1O,1.0
1371,O=C(O)c1ccccc1O,1.0
1372,O=C(O)c1ccccc1O,1.0
1373,O=C(O)c1ccccc1O,1.0
1374,O=C(O)c1ccccc1O,1.0
1375,O=C(O)c1ccccc1O,1.0
1376,O=C(O)c1ccccc1O,1.0
1377,O=C(O)c1ccccc1O,1.0
1378,O=C(O)c1ccccc1O,1.0
1379,O=C(O)c1ccccc1O,1.0
1380,O=C(O)c1ccccc1O,1.0
1381,O=C(O)c1ccccc1O,1.0
1382,O=C(O)c1ccccc1O,1.0
1383,O=C(O)c1ccccc1O,1.0
1384,O=C(O)c1ccccc1O,1.0
1385,O=C(O)c1ccccc1O,1.0
1386,O=C(O)c1ccccc1O,1.0
1387,O=C(O)c1ccccc1O,1.0
1388,O=C(O)c1ccccc1O,1.0
1389,O=C(O)c1ccccc1O,1.0
1390,O=C(O)c1ccccc1O,1.0
1391,O=C(O)c1ccccc1O,1.0
1392,O=C(O)c1ccccc1O,1.0
1393,O=C(O)c1ccccc1O,1.0
1394,O=C(O)c1ccccc1O,1.0
1395,O=C(O)c1ccccc1O,1.0
1396,O=C(O)c1ccccc1O,1.0
1397,O=C(O)c1ccccc1O,1.0
1398,O=C(O)c1ccccc1O,1.0
1399,O=C(O)c1ccccc1O,1.0
1400,O=C(O)c1ccccc1O,1.0
1401,O=C(O)c1ccccc1O,1.0
1402,O=C(O)c1ccccc1O,1.0
1403,O=C(O)c1ccccc1O,1.0
1404,O=C(O)c1ccccc1O,1.0
1405,O=C(O)c1ccccc1O,1.0
1406,O=C(O)c1ccccc1O,1.0
1407,O=C(O)c1ccccc1O,1.0
1408,O=C(O)c1ccccc1O,1.0
1409,O=C(O)c1ccccc1O,1.0
1410,O=C(O)c1ccccc1O,1.0
1411,O=C(O)c1ccccc1O,1.0
1412,O=C(O)c1ccccc1O,1.0
1413,O=C(O)c1ccccc1O,1.0
1414,O=C(O)c1ccccc1O,1.0
1415,O=C(O)c1ccccc1O,1.0
1416,O=C(O)c1ccccc1O,1.0
1417,O=C(O)c1ccccc1O,1.0
1418,O=C(O)c1ccccc1O,1.0
1419,O=C(O)c1ccccc1O,1.0
1420,O=C(O)c1ccccc1O,1.0
1421,O=C(O)c1ccccc1O,1.0
1422,O=C(O)c1ccccc1O,1.0
1423,O=C(O)c1ccccc1O,1.0
1424,O=C(O)c1ccccc1O,1.0
1425,O=C(O)c1ccccc1O,1.0
1426,O=C(O)c1ccccc1O,1.0
1427,O=C(O)c1ccccc1O,1.0
1428,O=C(O)c1ccccc1O,1.0
1429,O=C(O)c1ccccc1O,1.0
1430,O=C(O)c1ccccc1O,1.0
1431,O=C(O)c1ccccc1O,1.0
1432,O=C(O)c1ccccc1O,1.0
1433,O=C(O)c1ccccc1O,1.0
1434,O=C(O)c1ccccc1O,1.0
1435,O=C(O)c1ccccc1O,1.0
1436,O=C(O)c1ccccc1O,1.0
1437,O=C(O)c1ccccc1O,1.0
1438,O=C(O)c1ccccc1O,1.0
1439,O=C(O)c1ccccc1O,1.0
1440,O=C(O)c1ccccc1O,1.0
1441,O=C(O)c1ccccc1O,1.0
1442,O=C(O)c1ccccc1O,1.0
1443,O=C(O)c1ccccc1O,1.0
1444,O=C(O)c1ccccc1O,1.0
1445,O=C(O)c1ccccc1O,1.0
1446,O=C(O)c1ccccc1O,1.0
1447,O=C(O)c1ccccc1O,1.0
1448,O=C(O)c1ccccc1O,1.0
1449,O=C(O)c1ccccc1O,1.0
1450,O=C(O)c1ccccc1O,1.0
1451,O=C(O)c1ccccc1O,1.0
1452,O=C(O)c1ccccc1O,1.0
1453,O=C(O)c1ccccc1O,1.0
1454,O=C(O)c1ccccc1O,1.0
1455,O=C(O)c1ccccc1O,1.0
1456,O=C(O)c1ccccc1O,1.0
1457,O=C(O)c1ccccc1O,1.0
1458,O=C(O)c1ccccc1O,1.0
1459,O=C(O)c1ccccc1O,1.0
1460,O=C(O)c1ccccc1O,1.0
1461,O=C(O)c1ccccc1O,1.0
1462,O=C(O)c1ccccc1O,1.0
1463,O=C(O)c1ccccc1O,1.0
1464,O=C(O)c1ccccc1O,1.0
1465,O=C(O)c1ccccc1O,1.0
1466,O=C(O)c1ccccc1O,1.0
1467,O=C(O)c1ccccc1O,1.0
1468,O=C(O)c1ccccc1O,1.0
1469,O=C(O)c1ccccc1O,1.0
1470,O=C(O)c1ccccc1O,1.0
1471,O=C(O)c1ccccc1O,1.0
1472,O=C(O)c1ccccc1O,1.0
1473,O=C(O)c1ccccc1O,1.0
1474,O=C(O)c1ccccc1O,1.0
1475,O=C(O)c1ccccc1O,1.0
1476,O=C(O)c1ccccc1O,1.0
1477,O=C(O)c1ccccc1O,1.0
1478,O=C(O)c1ccccc1O,1.0
1479,O=C(O)c1ccccc1O,1.0
1480,O=C(O)c1ccccc1O,1.0
1481,O=C(O)c1ccccc1O,1.0
1482,O=C(O)c1ccccc1O,1.0
1483,O=C(O)c1ccccc1O,1.0
1484,O=C(O)c1ccccc1O,1.0
1485,O=C(O)c1ccccc1O,1.0
1486,O=C(O)c1ccccc1O,1.0
1487,O=C(O)c1ccccc1O,1.0
1488,O=C(O)c1ccccc1O,1.0
1489,O=C(O)c1ccccc1O,1.0
1490,O=C(O)c1ccccc1O,1.0
1491,O=C(O)c1ccccc1O,1.0
1492,O=C(O)c1ccccc1O,1.0
1493,O=C(O)c1ccccc1O,1.0
1494,O=C(O)c1ccccc1O,1.0
1495,O=C(O)c1ccccc1O,1.0
1496,O=C(O)c1ccccc1O,1.0
1497,O=C(O)c1ccccc1O,1.0
1498,O=C(O)c1ccccc1O,1.0
